{
  "provenance": {
    "package_version": "0.1.0",
    "python": "3.14.4",
    "numpy": "2.5.0",
    "model": "sde",
    "energies_mev": [
      80.0,
      100.0,
      150.0,
      200.0,
      230.0
    ],
    "dz_cm": 0.02,
    "stopping_scale": 1.0046587186674003,
    "calibration": {
      "stopping_scale": 1.0046587186674003,
      "energies_mev": [
        60.0,
        80.0,
        100.0,
        120.0,
        150.0,
        175.0,
        200.0,
        230.0
      ],
      "baseline_range_err_mm": [
        0.1394059868656239,
        0.23618552230091794,
        0.36140829291925414,
        0.5104779217194455,
        0.8013102791633564,
        1.1202411542952717,
        1.22479185500179,
        1.1551761373397085
      ],
      "calibrated_range_err_mm": [
        -0.004666441877181349,
        -0.0052977725850755775,
        0.0018398149888820825,
        0.013794248252736452,
        0.06632137269729554,
        0.159336931009193,
        0.015317130741756557,
        -0.37996500099261254
      ],
      "reference": "NIST PSTAR water CSDA range",
      "baseline_rms_mm": 0.8060712357245344,
      "calibrated_rms_mm": 0.14774907225240272,
      "calibrated_max_abs_mm": 0.37996500099261254
    },
    "reference": "NIST-anchored Bortfeld analytic Bragg curve",
    "thresholds": {
      "peak_depth_err_mm": 0.5,
      "r80_err_mm": 0.7,
      "r90_err_mm": 0.7,
      "rmse_pct": 1.5,
      "gamma_2pct_2mm": 0.95
    },
    "wall_time_s": 8.05514404096175
  },
  "baseline": [
    {
      "name": "baseline_sde_80MeV",
      "runtime_s": 0.2547863750369288,
      "peak_memory_mb": 5.591807,
      "metadata": {
        "model": "sde_monte_carlo",
        "initial_energy_mev": 80.0,
        "dz_cm": 0.02,
        "n_histories": 40000,
        "energy_spread_pct": 0.8,
        "e_cut_mev": 1.0,
        "seed": 1234,
        "nuclear_removal": true,
        "nuclear_mu_per_cm": 0.013,
        "nuclear_local_fraction": 1.0,
        "sec_forward_cm": 1.5622855656690275,
        "slabs": [
          {
            "material": "liquid_water",
            "thickness_cm": 6.48,
            "density_g_cm3": 1.0,
            "i_value_ev": 78.0
          }
        ],
        "water_csda_range_cm": 5.207618552230092,
        "stopping_model": "BetheStoppingPower",
        "units": {
          "z": "cm",
          "dose": "MeV/g",
          "energy": "MeV",
          "let": "keV/um"
        }
      },
      "peak_depth_err_mm": 0.3999999999999986,
      "r90_err_mm": 0.43174278431376933,
      "r80_err_mm": 0.4423698082518186,
      "r50_err_mm": 0.4786364131607783,
      "distal_falloff_diff_mm": 0.1083136473493429,
      "rmse_pct": 5.833480964105282,
      "mae_pct": 4.580879424589098,
      "gamma_2pct_2mm": 0.3258426966292135,
      "gamma_3pct_3mm": 0.4681647940074906,
      "ref_peak_depth_mm": 51.1,
      "cand_peak_depth_mm": 51.5,
      "ref_r80_mm": 51.84555637379844,
      "cand_r80_mm": 52.287926182050256,
      "energy_mev": 80.0
    },
    {
      "name": "baseline_sde_100MeV",
      "runtime_s": 0.37020962504902855,
      "peak_memory_mb": 5.588387,
      "metadata": {
        "model": "sde_monte_carlo",
        "initial_energy_mev": 100.0,
        "dz_cm": 0.02,
        "n_histories": 40000,
        "energy_spread_pct": 0.8,
        "e_cut_mev": 1.0,
        "seed": 1234,
        "nuclear_removal": true,
        "nuclear_mu_per_cm": 0.013,
        "nuclear_local_fraction": 1.0,
        "sec_forward_cm": 2.326242248787577,
        "slabs": [
          {
            "material": "liquid_water",
            "thickness_cm": 9.647499999999997,
            "density_g_cm3": 1.0,
            "i_value_ev": 78.0
          }
        ],
        "water_csda_range_cm": 7.754140829291924,
        "stopping_model": "BetheStoppingPower",
        "units": {
          "z": "cm",
          "dose": "MeV/g",
          "energy": "MeV",
          "let": "keV/um"
        }
      },
      "peak_depth_err_mm": 0.5999999999999943,
      "r90_err_mm": 0.5487635568410383,
      "r80_err_mm": 0.5633356782053198,
      "r50_err_mm": 0.6258934790426878,
      "distal_falloff_diff_mm": 0.1548176201610918,
      "rmse_pct": 5.569290121934221,
      "mae_pct": 4.57583897207541,
      "gamma_2pct_2mm": 0.2914572864321608,
      "gamma_3pct_3mm": 0.4623115577889447,
      "ref_peak_depth_mm": 75.9,
      "cand_peak_depth_mm": 76.5,
      "ref_r80_mm": 77.1839210928108,
      "cand_r80_mm": 77.74725677101613,
      "energy_mev": 100.0
    },
    {
      "name": "baseline_sde_150MeV",
      "runtime_s": 0.7333731669932604,
      "peak_memory_mb": 5.612491,
      "metadata": {
        "model": "sde_monte_carlo",
        "initial_energy_mev": 150.0,
        "dz_cm": 0.02,
        "n_histories": 40000,
        "energy_spread_pct": 0.8,
        "e_cut_mev": 1.0,
        "seed": 1234,
        "nuclear_removal": true,
        "nuclear_mu_per_cm": 0.013,
        "nuclear_local_fraction": 1.0,
        "sec_forward_cm": 4.755039308374902,
        "slabs": [
          {
            "material": "liquid_water",
            "thickness_cm": 19.712500000000006,
            "density_g_cm3": 1.0,
            "i_value_ev": 78.0
          }
        ],
        "water_csda_range_cm": 15.850131027916339,
        "stopping_model": "BetheStoppingPower",
        "units": {
          "z": "cm",
          "dose": "MeV/g",
          "energy": "MeV",
          "let": "keV/um"
        }
      },
      "peak_depth_err_mm": 1.200000000000017,
      "r90_err_mm": 0.8772537126263842,
      "r80_err_mm": 0.9573401319969435,
      "r50_err_mm": 1.0968735757860202,
      "distal_falloff_diff_mm": 0.3174034287822103,
      "rmse_pct": 5.110033616264173,
      "mae_pct": 4.093828704611893,
      "gamma_2pct_2mm": 0.41502463054187194,
      "gamma_3pct_3mm": 0.6022167487684729,
      "ref_peak_depth_mm": 155.1,
      "cand_peak_depth_mm": 156.3,
      "ref_r80_mm": 157.70743984392982,
      "cand_r80_mm": 158.66477997592676,
      "energy_mev": 150.0
    },
    {
      "name": "baseline_sde_200MeV",
      "runtime_s": 1.1700342500116676,
      "peak_memory_mb": 5.643203,
      "metadata": {
        "model": "sde_monte_carlo",
        "initial_energy_mev": 200.0,
        "dz_cm": 0.02,
        "n_histories": 40000,
        "energy_spread_pct": 0.8,
        "e_cut_mev": 1.0,
        "seed": 1234,
        "nuclear_removal": true,
        "nuclear_mu_per_cm": 0.013,
        "nuclear_local_fraction": 1.0,
        "sec_forward_cm": 7.824743755650054,
        "slabs": [
          {
            "material": "liquid_water",
            "thickness_cm": 32.45,
            "density_g_cm3": 1.0,
            "i_value_ev": 78.0
          }
        ],
        "water_csda_range_cm": 26.082479185500183,
        "stopping_model": "BetheStoppingPower",
        "units": {
          "z": "cm",
          "dose": "MeV/g",
          "energy": "MeV",
          "let": "keV/um"
        }
      },
      "peak_depth_err_mm": 1.400000000000034,
      "r90_err_mm": 1.1700628524426975,
      "r80_err_mm": 1.1483049253378113,
      "r50_err_mm": 1.2843416540407588,
      "distal_falloff_diff_mm": 0.5595321558272559,
      "rmse_pct": 4.173149969844696,
      "mae_pct": 2.6643854184205806,
      "gamma_2pct_2mm": 0.6998502994011976,
      "gamma_3pct_3mm": 0.7702095808383234,
      "ref_peak_depth_mm": 255.5,
      "cand_peak_depth_mm": 256.90000000000003,
      "ref_r80_mm": 259.59578602499175,
      "cand_r80_mm": 260.74409095032956,
      "energy_mev": 200.0
    },
    {
      "name": "baseline_sde_230MeV",
      "runtime_s": 1.4474330839584582,
      "peak_memory_mb": 5.664235,
      "metadata": {
        "model": "sde_monte_carlo",
        "initial_energy_mev": 230.0,
        "dz_cm": 0.02,
        "n_histories": 40000,
        "energy_spread_pct": 0.8,
        "e_cut_mev": 1.0,
        "seed": 1234,
        "nuclear_removal": true,
        "nuclear_mu_per_cm": 0.013,
        "nuclear_local_fraction": 1.0,