{
  "provenance": {
    "package_version": "0.1.0",
    "python": "3.14.4",
    "numpy": "2.5.0",
    "model": "sde",
    "energies_mev": [
      80.0,
      100.0,
      150.0,
      200.0,
      230.0
    ],
    "dz_cm": 0.02,
    "stopping_scale": 1.0046587186674003,
    "calibration": {
      "stopping_scale": 1.0046587186674003,
      "energies_mev": [
        60.0,
        80.0,
        100.0,
        120.0,
        150.0,
        175.0,
        200.0,
        230.0
      ],
      "baseline_range_err_mm": [
        0.1394059868656239,
        0.23618552230091794,
        0.36140829291925414,
        0.5104779217194455,
        0.8013102791633564,
        1.1202411542952717,
        1.22479185500179,
        1.1551761373397085
      ],
      "calibrated_range_err_mm": [
        -0.004666441877181349,
        -0.0052977725850755775,
        0.0018398149888820825,
        0.013794248252736452,
        0.06632137269729554,
        0.159336931009193,
        0.015317130741756557,
        -0.37996500099261254
      ],
      "reference": "NIST PSTAR water CSDA range",
      "baseline_rms_mm": 0.8060712357245344,
      "calibrated_rms_mm": 0.14774907225240272,
      "calibrated_max_abs_mm": 0.37996500099261254
    },
    "reference": "NIST-anchored Bortfeld analytic Bragg curve",
    "thresholds": {
      "peak_depth_err_mm": 0.5,
      "r80_err_mm": 0.7,
      "r90_err_mm": 0.7,
      "rmse_pct": 1.5,
      "gamma_2pct_2mm": 0.95
    },
    "wall_time_s": 8.209394667006563
  },
  "baseline": [
    {
      "name": "baseline_sde_80MeV",
      "runtime_s": 0.2548116249963641,
      "peak_memory_mb": 5.588823,
      "metadata": {
        "model": "sde_monte_carlo",
        "initial_energy_mev": 80.0,
        "dz_cm": 0.02,
        "n_histories": 40000,
        "energy_spread_pct": 0.8,
        "e_cut_mev": 1.0,
        "seed": 1234,
        "nuclear_removal": true,
        "nuclear_mu_per_cm": 0.01,
        "nuclear_local_fraction": 0.9,
        "slabs": [
          {
            "material": "liquid_water",
            "thickness_cm": 6.48,
            "density_g_cm3": 1.0,
            "i_value_ev": 78.0
          }
        ],
        "water_csda_range_cm": 5.207618552230092,
        "stopping_model": "BetheStoppingPower",
        "units": {
          "z": "cm",
          "dose": "MeV/g",
          "energy": "MeV",
          "let": "keV/um"
        }
      },
      "peak_depth_err_mm": 0.19999999999999574,
      "r90_err_mm": 0.40364402082506246,
      "r80_err_mm": 0.42933118178149243,
      "r50_err_mm": 0.47592855727440764,
      "distal_falloff_diff_mm": 0.09678120966762016,
      "rmse_pct": 5.809608735311586,
      "mae_pct": 4.7828702781694075,
      "gamma_2pct_2mm": 0.2846441947565543,
      "gamma_3pct_3mm": 0.4419475655430712,
      "ref_peak_depth_mm": 51.1,
      "cand_peak_depth_mm": 51.3,
      "ref_r80_mm": 51.84555637379844,
      "cand_r80_mm": 52.27488755557993,
      "energy_mev": 80.0
    },
    {
      "name": "baseline_sde_100MeV",
      "runtime_s": 0.3658476669806987,
      "peak_memory_mb": 5.584131,
      "metadata": {
        "model": "sde_monte_carlo",
        "initial_energy_mev": 100.0,
        "dz_cm": 0.02,
        "n_histories": 40000,
        "energy_spread_pct": 0.8,
        "e_cut_mev": 1.0,
        "seed": 1234,
        "nuclear_removal": true,
        "nuclear_mu_per_cm": 0.01,
        "nuclear_local_fraction": 0.9,
        "slabs": [
          {
            "material": "liquid_water",
            "thickness_cm": 9.647499999999997,
            "density_g_cm3": 1.0,
            "i_value_ev": 78.0
          }
        ],
        "water_csda_range_cm": 7.754140829291924,
        "stopping_model": "BetheStoppingPower",
        "units": {
          "z": "cm",
          "dose": "MeV/g",
          "energy": "MeV",
          "let": "keV/um"
        }
      },
      "peak_depth_err_mm": 0.3999999999999915,
      "r90_err_mm": 0.5538362176758795,
      "r80_err_mm": 0.5523041585828992,
      "r50_err_mm": 0.6050980255963054,
      "distal_falloff_diff_mm": 0.11354011488081461,
      "rmse_pct": 5.448842884801166,
      "mae_pct": 4.649088306629161,
      "gamma_2pct_2mm": 0.2914572864321608,
      "gamma_3pct_3mm": 0.5301507537688442,
      "ref_peak_depth_mm": 75.9,
      "cand_peak_depth_mm": 76.3,
      "ref_r80_mm": 77.1839210928108,
      "cand_r80_mm": 77.7362252513937,
      "energy_mev": 100.0
    },
    {
      "name": "baseline_sde_150MeV",
      "runtime_s": 0.7461544580291957,
      "peak_memory_mb": 5.604227,
      "metadata": {
        "model": "sde_monte_carlo",
        "initial_energy_mev": 150.0,
        "dz_cm": 0.02,
        "n_histories": 40000,
        "energy_spread_pct": 0.8,
        "e_cut_mev": 1.0,
        "seed": 1234,
        "nuclear_removal": true,
        "nuclear_mu_per_cm": 0.01,
        "nuclear_local_fraction": 0.9,
        "slabs": [
          {
            "material": "liquid_water",
            "thickness_cm": 19.712500000000006,
            "density_g_cm3": 1.0,
            "i_value_ev": 78.0
          }
        ],
        "water_csda_range_cm": 15.850131027916339,
        "stopping_model": "BetheStoppingPower",
        "units": {
          "z": "cm",
          "dose": "MeV/g",
          "energy": "MeV",
          "let": "keV/um"
        }
      },
      "peak_depth_err_mm": 1.4000000000000057,
      "r90_err_mm": 0.9397946412806562,
      "r80_err_mm": 0.9760716090138999,
      "r50_err_mm": 1.067024780206566,
      "distal_falloff_diff_mm": 0.14647352750417397,
      "rmse_pct": 4.891746017275982,
      "mae_pct": 4.1726284630315265,
      "gamma_2pct_2mm": 0.7635467980295566,
      "gamma_3pct_3mm": 0.9852216748768473,
      "ref_peak_depth_mm": 155.1,
      "cand_peak_depth_mm": 156.5,
      "ref_r80_mm": 157.70743984392982,
      "cand_r80_mm": 158.68351145294372,
      "energy_mev": 150.0
    },
    {
      "name": "baseline_sde_200MeV",
      "runtime_s": 1.1889677500003017,
      "peak_memory_mb": 5.629867,
      "metadata": {
        "model": "sde_monte_carlo",
        "initial_energy_mev": 200.0,
        "dz_cm": 0.02,
        "n_histories": 40000,
        "energy_spread_pct": 0.8,
        "e_cut_mev": 1.0,
        "seed": 1234,
        "nuclear_removal": true,
        "nuclear_mu_per_cm": 0.01,
        "nuclear_local_fraction": 0.9,
        "slabs": [
          {
            "material": "liquid_water",
            "thickness_cm": 32.45,
            "density_g_cm3": 1.0,
            "i_value_ev": 78.0
          }
        ],
        "water_csda_range_cm": 26.082479185500183,
        "stopping_model": "BetheStoppingPower",
        "units": {
          "z": "cm",
          "dose": "MeV/g",
          "energy": "MeV",
          "let": "keV/um"
        }
      },
      "peak_depth_err_mm": 0.6000000000000227,
      "r90_err_mm": 0.8801452311046774,
      "r80_err_mm": 1.1000041014471549,
      "r50_err_mm": 1.0387377370588524,
      "distal_falloff_diff_mm": 0.009296639162563736,
      "rmse_pct": 4.143402102352083,
      "mae_pct": 3.545290106019219,
      "gamma_2pct_2mm": 0.968562874251497,
      "gamma_3pct_3mm": 1.0,
      "ref_peak_depth_mm": 255.5,
      "cand_peak_depth_mm": 256.1,
      "ref_r80_mm": 259.59578602499175,
      "cand_r80_mm": 260.6957901264389,
      "energy_mev": 200.0
    },
    {
      "name": "baseline_sde_230MeV",
      "runtime_s": 1.4779372089542449,
      "peak_memory_mb": 5.647403,
      "metadata": {
        "model": "sde_monte_carlo",
        "initial_energy_mev": 230.0,
        "dz_cm": 0.02,
        "n_histories": 40000,
        "energy_spread_pct": 0.8,
        "e_cut_mev": 1.0,
        "seed": 1234,
        "nuclear_removal": true,
        "nuclear_mu_per_cm": 0.01,
        "nuclear_local_fraction": 0.9,
        "slabs": [
          {
            "material": "liquid_water",
            "thickness_cm": 41.237500000000004,
            "density_g_cm3": 1.0,
            "i_value_ev": 78.0
          }
        ],