head,epochs,level,empirical_coverage,abs_error,within_5pct,sharpness_mean_sigma,sharpness_median_sigma,final_train_loss,final_val_loss
heteroscedastic,40,0.5,0.29558823529411765,0.20441176470588235,False,0.15851093914495912,0.09916388615965843,-2.0336313054842106,-2.2249095380306243
heteroscedastic,40,0.6826894921370859,0.3833547794117647,0.29933471272532114,False,0.15851093914495912,0.09916388615965843,-2.0336313054842106,-2.2249095380306243
heteroscedastic,40,0.8,0.4425367647058824,0.35746323529411766,False,0.15851093914495912,0.09916388615965843,-2.0336313054842106,-2.2249095380306243
heteroscedastic,40,0.9,0.5250551470588235,0.3749448529411765,False,0.15851093914495912,0.09916388615965843,-2.0336313054842106,-2.2249095380306243
heteroscedastic,40,0.95,0.5817279411764706,0.3682720588235293,False,0.15851093914495912,0.09916388615965843,-2.0336313054842106,-2.2249095380306243
