{
  "reference": "OpenGATE/Geant4 QGSP_BIC_EMZ",
  "stopping_scale": 1.0046587186674003,
  "package_version": "0.1.0",
  "n_primaries": 200000,
  "n_histories": 150000,
  "records": [
    {
      "peak_depth_err_mm": 0.0,
      "r90_err_mm": 0.4293627842830574,
      "r80_err_mm": 0.42571746622469675,
      "r50_err_mm": 0.4450263058205479,
      "distal_falloff_diff_mm": 0.0679434445146132,
      "rmse_pct": 2.92856012656621,
      "mae_pct": 1.4386299854160618,
      "gamma_2pct_2mm": 0.9875,
      "gamma_3pct_3mm": 1.0,
      "ref_peak_depth_mm": 76.25,
      "cand_peak_depth_mm": 76.25,
      "ref_r80_mm": 77.34416904517967,
      "cand_r80_mm": 77.76988651140437,
      "energy_mev": 100.0,
      "sde_runtime_s": 0.49016862496500835,
      "gate_runtime_s": 10.255115624982864,
      "speedup": 20.92160759109163
    },
    {
      "peak_depth_err_mm": 0.0,
      "r90_err_mm": 0.023371680130708228,
      "r80_err_mm": 0.014712077478947094,
      "r50_err_mm": 0.03403756767991695,
      "distal_falloff_diff_mm": 0.1205316275745183,
      "rmse_pct": 1.101191091769646,
      "mae_pct": 0.8116514101166032,
      "gamma_2pct_2mm": 0.9969418960244648,
      "gamma_3pct_3mm": 1.0,
      "ref_peak_depth_mm": 155.75,
      "cand_peak_depth_mm": 155.75,
      "ref_r80_mm": 158.35842114321846,
      "cand_r80_mm": 158.3731332206974,
      "energy_mev": 150.0,
      "sde_runtime_s": 0.9582673749537207,
      "gate_runtime_s": 13.467069167003501,
      "speedup": 14.053561165696463
    },
    {
      "peak_depth_err_mm": 0.0,
      "r90_err_mm": 0.017330758129446622,
      "r80_err_mm": -0.008253486010403321,
      "r50_err_mm": -0.007885087352235587,
      "distal_falloff_diff_mm": 0.15492787989352053,
      "rmse_pct": 1.3210578993954347,
      "mae_pct": 1.0972239222393372,
      "gamma_2pct_2mm": 0.9795158286778398,
      "gamma_3pct_3mm": 1.0,
      "ref_peak_depth_mm": 255.75000000000003,
      "cand_peak_depth_mm": 255.75000000000003,
      "ref_r80_mm": 260.2987164479386,
      "cand_r80_mm": 260.2904629619282,
      "energy_mev": 200.0,
      "sde_runtime_s": 1.490784708992578,
      "gate_runtime_s": 20.292534666950814,
      "speedup": 13.611982028353259
    }
  ]
}