{
  "reference": "OpenGATE/Geant4 QGSP_BIC_EMZ",
  "stopping_scale": 1.0046587186674003,
  "package_version": "0.1.0",
  "n_primaries": 250000,
  "n_histories": 120000,
  "records": [
    {
      "peak_depth_err_mm": 0.0,
      "r90_err_mm": 0.4163660170197545,
      "r80_err_mm": 0.41897563043212926,
      "r50_err_mm": 0.43883814139013566,
      "distal_falloff_diff_mm": 0.03502007963675169,
      "rmse_pct": 3.0080938691479413,
      "mae_pct": 1.7789538402619542,
      "gamma_2pct_2mm": 0.98125,
      "gamma_3pct_3mm": 1.0,
      "ref_peak_depth_mm": 76.25,
      "cand_peak_depth_mm": 76.25,
      "ref_r80_mm": 77.33898927303751,
      "cand_r80_mm": 77.75796490346964,
      "energy_mev": 100.0,
      "sde_runtime_s": 0.3814221660140902,
      "gate_runtime_s": null,
      "speedup": null
    },
    {
      "peak_depth_err_mm": 0.0,
      "r90_err_mm": 0.038529130649067156,
      "r80_err_mm": 0.026386275682739324,
      "r50_err_mm": -0.028515386853229074,
      "distal_falloff_diff_mm": -0.09312383886481257,
      "rmse_pct": 1.999485661181946,
      "mae_pct": 1.6932472757741686,
      "gamma_2pct_2mm": 0.8042813455657493,
      "gamma_3pct_3mm": 0.9938837920489296,
      "ref_peak_depth_mm": 155.75,
      "cand_peak_depth_mm": 155.75,
      "ref_r80_mm": 158.35624877215304,
      "cand_r80_mm": 158.38263504783578,
      "energy_mev": 150.0,
      "sde_runtime_s": 0.765439874958247,
      "gate_runtime_s": 15.339427708997391,
      "speedup": 20.040016480502956
    },
    {
      "peak_depth_err_mm": 0.4999999999999716,
      "r90_err_mm": -0.03297561620962597,
      "r80_err_mm": 0.011828484751390533,
      "r50_err_mm": -0.21524913476838492,
      "distal_falloff_diff_mm": -0.41105014806948503,
      "rmse_pct": 2.98812801874049,
      "mae_pct": 2.5235122360354825,
      "gamma_2pct_2mm": 0.5772811918063314,
      "gamma_3pct_3mm": 0.8324022346368715,
      "ref_peak_depth_mm": 255.75000000000003,
      "cand_peak_depth_mm": 256.25,
      "ref_r80_mm": 260.2604522712313,
      "cand_r80_mm": 260.2722807559827,
      "energy_mev": 200.0,
      "sde_runtime_s": 1.1947514999774285,
      "gate_runtime_s": 23.99191229097778,
      "speedup": 20.081089909852416
    }
  ]
}